{
    "student_id": "111920243",
    "student_name": "Irwan Prasetya Gunawan",
    "mcq_grade": 85.0,
    "code_total_grade": 50.0,
    "analysis_grade": 46.666666666666664,
    "grand_total_marks": 90.83333333333333,
    "detail_analysis_marks": {
        "q1A": 0.0,
        "q1B": 1.0,
        "q1C": 1.0,
        "q1D": 1.0,
        "q1E": 1.0,
        "q1F": 1.0,
        "q1G": 1.0,
        "q1H": 1.0,
        "q2A": 0.0,
        "q2B": 1.0,
        "q2C": 1.0,
        "q2D": 1.0,
        "q3A": 1.0,
        "q3B": 1.0,
        "q3C": 1.0,
        "q3D": 1.0,
        "q4A": 1.0,
        "q4B": 1.0,
        "q4C": 1.0,
        "q4D": 1.0,
        "q5A": 1.0,
        "q5B": 1.0,
        "q5C": 1.0,
        "q5D": 1.0,
        "q5E": 1.0,
        "q6A": 1.0,
        "q6B": 1.0,
        "q6C": 1.0,
        "q6D": 1.0,
        "q6E": 1.0
    }
}